CHANGE_FROM,TO
Intro to Business,Introduction to Business
Intro Business,Introduction to Business
Intro to Comp Sci,Introduction to Computer Science
Fnd of Comp Sci,Foundations of Computer Science
Comp Sci I,Computer Science I
Comp Sci II,Computer Science II
Comp Sci III,Computer Science III
Interm Data Struct,Interm Data Structures
Intermed Algorithms,Intermed Algorithms
Intro Software Eng,Intro Software Engin
Op Systems,Operating Systems
Elem Linear Alg,Elem Linear Algebra
Elem Discrete Math,Elem Discrete Math I
Calc I,Calculus I
Calc II,Calculus II
Calc III,Calculus III
Differential Calc,Calculus I
Integral Calc,Calculus II
101Z,101
201Z,201
301Z,301
401Z,401
BA101Z,BA101
CS210Z,CS210
MATH251Z,MATH251
MATH252Z,MATH252
MATH253Z,MATH253
